Name,Scientific name,Position,Status,Added
Java fern,Microsorum pteropus,Epiphyte,Healthy,
Java fern 'Trident',Microsorum pteropus 'Trident',Epiphyte,Healthy,
Anubias,Anubias sp.,Epiphyte,Thriving,
Bucephalandra,Bucephalandra sp.,Epiphyte,Thriving,
Bolbitis 'Mini',Bolbitis heteroclita 'Difformis',Epiphyte,New,2026-09-25
Christmas moss,Vesicularia montagnei,Epiphyte,New,2026-09-25
Fissidens,Fissidens fontanus,Epiphyte,New,2026-09-25
Crypt (brown),Cryptocoryne sp.,Foreground,Healthy,
Dwarf sagittaria,Sagittaria subulata,Foreground,Thriving,
Rotala macrandra,Rotala macrandra,Background,Healthy,
Aponogeton crispus (purple),Aponogeton crispus,Midground,Struggling,
Rotala 'Blood Red',Rotala sp. 'Blood Red',Background,New,2026-09-25
Hydrocotyle tripartita,Hydrocotyle tripartita,Midground,New,2026-09-25
Water lettuce,Pistia stratiotes,Floating,Healthy,2026-09-21
